{
    "train_loss": [
        3.370011545414299,
        3.0941329192252183,
        2.9911510855903454,
        2.9235345139222986,
        2.8630355392645925,
        2.8179294299216293,
        2.772087496977586,
        2.752363581463223,
        2.7068784061060773,
        2.691145025658931,
        2.669944495529071,
        2.656777769839602,
        2.61064043552088,
        2.5602229256435756,
        2.5603124060781832,
        2.5356988395501046,
        2.496448885045979,
        2.534572361497318,
        2.505549513808203,
        2.4594041275222915,
        2.43369255950548,
        2.4047746577413913,
        2.404782700646517,
        2.412801929620596,
        2.370378520909478,
        2.3558582439681524,
        2.332913203692544,
        2.320205323296974,
        2.286024821613709,
        2.327900803035201,
        2.307189915298876,
        2.280198457553915,
        2.2822794087871707,
        2.2414076028366434,
        2.272954809288094,
        2.211753033081331,
        2.2385230215426484,
        2.210692959025974,
        2.228478871751155,
        2.1908275419770322,
        2.209245989872859,
        2.1645283372154065,
        2.1772555563784293,
        2.136343881663154,
        2.1586705953287324,
        2.155235308975116,
        2.141739809135506,
        2.1572349845014545,
        2.1266778040795304,
        0.868639265735764,
        0.866624912633076,
        0.86484632529824,
        0.863491886611438,
        0.862090985537654,
        0.85962456373068,
        0.858925670034745,
        0.856904799582192,
        0.856086564549494,
        0.856201842683473,
        0.854898206410904,
        0.85448756244927,
        0.853673460418822,
        0.852149288794574,
        0.852565845860615,
        0.852483513937816,
        0.851873700705049,
        0.851484909154711
    ],
    "train_acc": [
        39.42675744420491,
        49.430736349452104,
        53.30374419211002,
        55.899587204382655,
        58.067187020859194,
        59.55594345700347,
        61.02375359433411,
        61.79743038402742,
        63.170876752253676,
        63.96385535418369,
        64.69242980481273,
        65.09129497676851,
        66.71618670491402,
        68.23218564898791,
        68.16986724501562,
        69.24188383735236,
        70.1198042929241,
        69.33343008432905,
        70.38418404773816,
        71.69142488923472,
        72.58574456720832,
        73.41323749861075,
        73.43606069793105,
        73.52171068768483,
        74.6322269205303,
        75.23310685703325,
        76.11685149838286,
        76.5596119489833,
        77.75438384023218,
        76.5574662592263,
        77.20805232960788,
        78.00955477278077,
        78.07864553878883,
        79.4483750153085,
        78.4787308651356,
        80.49388950056618,
        79.72501409933076,
        80.52451993155263,
        80.02942058717345,
        81.14930748091496,
        80.801539322261,
        82.08254658587079,
        81.81695883960766,
        83.02847636904366,
        82.37987940012245,
        82.6232134885443,
        82.95868074333495,
        82.39081910110184,
        83.44430937593236,
        99.4172560113154,
        99.4978783592645,
        99.5289957567185,
        99.5487977369166,
        99.5770862800566,
        99.6096181046676,
        99.6067892503536,
        99.6591230551627,
        99.6661951909477,
        99.6520509193777,
        99.6661951909477,
        99.6916548797737,
        99.6789250353607,
        99.7369165487977,
        99.7326732673267,
        99.6859971711457,
        99.7171145685997,
        99.7397454031117
    ],
    "val_loss": [
        2.595924997128515,
        2.4455438404646603,
        2.3857486761069,
        2.347982735573491,
        2.2505221125445787,
        2.2786472537849525,
        2.180224214425067,
        2.19534362217545,
        2.1737769942746383,
        2.134448317535819,
        2.1457682038158303,
        2.106470926904477,
        2.090296355983879,
        2.1121780842165405,
        2.098097902813038,
        2.078180064631917,
        2.0877292427835585,
        2.0660179747810847,
        2.053016911076091,
        2.0545637270569297,
        2.0438457234499325,
        2.0386075359859546,
        2.044554422676312,
        2.0350872408991623,
        2.03290595434889,
        2.020256541449309,
        2.017931497549709,
        2.0102489633399223,
        2.0172471200363544,
        2.0101677008319,
        2.0039102739422634,
        2.0015282253675823,
        2.0042610022589122,
        2.0137749653828294,
        2.002830180940749,
        2.0053166120867187,
        2.002305378390767,
        2.0073694136575306,
        2.005165969772178,
        1.9962983724940175,
        1.9899021854883507,
        1.9975908416232981,
        1.9926027698355888,
        1.9990790473760935,
        1.9869729290531657,
        1.979115438863698,
        1.9825526490996155,
        1.984210099852035,
        1.9818573757565978,
        1.45475141509173,
        1.45558805254441,
        1.46070239614334,
        1.46058177998297,
        1.46542546165643,
        1.46051154207077,
        1.45805660632089,
        1.45209046255184,
        1.45460100968679,
        1.45765776171463,
        1.45824752477654,
        1.45915143248401,
        1.45593324492249,
        1.45689508784169,
        1.45824072884105,
        1.45520344967581,
        1.45745572108257,
        1.45874247571084
    ],
    "val_acc": [
        62.18481848184818,
        66.9042904290429,
        68.94389438943894,
        69.71617161716172,
        73.26072607260726,
        72.05940594059406,
        75.38613861386139,
        74.33663366336634,
        75.04290429042905,
        76.27722772277228,
        76.03960396039604,
        77.33993399339934,
        77.82838283828383,
        76.70627062706271,
        77.33333333333333,
        77.75577557755776,
        77.36633663366337,
        78.36963696369637,
        78.20462046204621,
        78.79207920792079,
        78.996699669967,
        79.1023102310231,
        78.78547854785478,
        79.04950495049505,
        79.24752475247524,
        79.9009900990099,
        79.82838283828383,
        80.12541254125412,
        79.72277227722772,
        80.12541254125412,
        80.07920792079207,
        80.54785478547855,
        80.0924092409241,
        79.83498349834983,
        80.17161716171617,
        80.23102310231023,
        80.34323432343234,
        79.81518151815182,
        80.21782178217822,
        80.71947194719472,
        80.56105610561056,
        80.4950495049505,
        80.71947194719472,
        80.34323432343234,
        80.76567656765677,
        80.98349834983499,
        80.97029702970298,
        80.9042904290429,
        81.0957095709571,
        81.4455445544555,
        81.4191419141914,
        81.2871287128713,
        81.2145214521452,
        81.1749174917492,
        81.3201320132013,
        81.4125412541254,
        81.6303630363036,
        81.5907590759076,
        81.4323432343234,
        81.4719471947195,
        81.4587458745875,
        81.4851485148515,
        81.6171617161716,
        81.6237623762376,
        81.6303630363036,
        81.5775577557756,
        81.5775577557756
    ]
}