{
    "train_loss": [
        0.29003697549077595,
        0.17181079072708433,
        0.1478376935490153,
        0.13325734707442197,
        0.12327495018358935,
        0.12330441011793235,
        0.13137605070898478,
        0.1238560409031131,
        0.12661865476349538,
        0.11802289165048437,
        0.12494423456320708,
        0.12296455967324701,
        0.11656905037604949,
        0.11704391033642671,
        0.12361750370738181,
        0.10702118230983615,
        0.10795902187766676,
        0.10836386650970037,
        0.11419822957197373,
        0.10630325350741093,
        0.10373221566392617,
        0.10645454457368363,
        0.10088155867362564,
        0.09890322920612314,
        0.10183125361800194,
        0.09568288130685687,
        0.09060336027125065,
        0.08938273131339387,
        0.0848449911202558,
        0.08969260472804308,
        0.08527625754306262,
        0.0879832209426571,
        0.08555247558450157,
        0.0839868545405228,
        0.0806443286974999,
        0.07728536194190383,
        0.07915227259085937,
        0.08001552674580704,
        0.07147278530861843,
        0.07299481162970717,
        0.06699385299262675,
        0.07186223606748338,
        0.07059260881082578,
        0.0659082612043924,
        0.06720932507464154,
        0.06916210402480581,
        0.06824634922668338,
        0.06618443057364361,
        0.05950444970618595,
        0.06772162730339915,
        0.057479280131784355,
        0.05899700499139726,
        0.05890112203037874,
        0.05685302268036387,
        0.05722136971202086,
        0.05398755408400162,
        0.05205810499716212,
        0.04947713341309943,
        0.048803278266198256,
        0.05176462948491627,
        0.04993228171952069,
        0.04769782945302061,
        0.046235825146802446,
        0.046645458533682606,
        0.044569069921801034,
        0.04368328143292191,
        0.04029537163759497,
        0.04457556551576338,
        0.04203701011878862,
        0.03863517112437297,
        0.04067830292677337,
        0.040826017121699726,
        0.03829559939913452,
        0.0368829899023033,
        0.03840065965513614,
        0.03807123998095366,
        0.03932984236797148,
        0.038399981863966044,
        0.037397465562786565,
        0.03939506913196634
    ],
    "train_mae": [
        97.64178731224753,
        71.23779153823853,
        65.59147921475497,
        62.97918701171875,
        60.02213937586004,
        60.70197781649503,
        62.7841931256381,
        60.30615568161011,
        61.865074547854334,
        59.04944341832941,
        60.7090388211337,
        60.457431533119895,
        58.38116962259466,
        58.368032455444336,
        59.84110550446944,
        55.31582359834151,
        56.092952034690164,
        56.176387006586246,
        58.08647723631425,
        55.94881573590365,
        55.129665244709365,
        55.61848774823275,
        53.92687247016213,
        53.67509126663208,
        53.95701360702515,
        52.43165906992826,
        50.94483293186534,
        50.18384092504328,
        49.51397089524703,
        50.96076059341431,
        50.123996084386654,
        50.44408765706149,
        49.69583275101402,
        49.308471116152674,
        47.6822810606523,
        46.80100154876709,
        47.07613953677091,
        47.93870431726629,
        44.91807556152344,
        46.31743218682029,
        43.24332048676231,
        44.72528953985734,
        44.82769402590665,
        42.6018753268502,
        44.08427741310813,
        44.73588544672186,
        43.67342942411249,
        43.089571085843176,
        41.16424443505027,
        43.48913676088507,
        40.98430609703064,
        40.403981945731424,
        40.86076417836276,
        40.10221875797618,
        39.23457616025751,
        38.57947687669234,
        38.02747932347384,
        36.48981033671986,
        36.43866861950267,
        37.99806948141618,
        37.17790874567899,
        35.335005348378964,
        35.76504663987593,
        34.98085485805165,
        35.1489828933369,
        33.99025635285811,
        33.43659132177179,
        34.19041458043185,
        33.501920526677914,
        32.215481931513004,
        33.11618384447965,
        33.13558088649403,
        31.98425600745461,
        31.68112499063665,
        32.211812474510886,
        31.68712977929549,
        32.11289429664612,
        32.07519992915067,
        31.683222207156096,
        31.992720885710284
    ],
    "val_loss": [
        0.22532824697819623,
        0.17660485580563545,
        0.13726018504662948,
        0.13328667560761626,
        0.11952435767108743,
        0.11242674325000156,
        0.12323600697246465,
        0.12506501749157906,
        0.13150613822720267,
        0.10652147809212859,
        0.11932922205464407,
        0.18096775967966428,
        0.1093782325359908,
        0.1331374282864007,
        0.11608195000074127,
        0.09552463093264536,
        0.10998827202076261,
        0.10088771649382332,
        0.10820900106971915,
        0.14037383449348537,
        0.10287083380601623,
        0.14464336972345004,
        0.13351797617294572,
        0.09285156784409826,
        0.1330064907670021,
        0.09934441914612596,
        0.15665831518444148,
        0.0922131050716747,
        0.1235970917411826,
        0.09545584327795288,
        0.1847141141241247,
        0.09226326136426492,
        0.0812925962223248,
        0.08802690018307079,
        0.0902138790962371,
        0.08453484912487594,
        0.08252039907330816,
        0.08046638931740414,
        0.10008704594590447,
        0.08241279812699015,
        0.08464184826747938,
        0.07364302738146349,
        0.08647194623269817,
        0.08158783733167431,
        0.09218794700096954,
        0.07617806016721508,
        0.08248801647939465,
        0.08604605360464616,
        0.08348191648044369,
        0.06674377569420771,
        0.0645101127976721,
        0.07773567956279624,
        0.08883753571320664,
        0.07912092605097727,
        0.070890066975897,
        0.08016930622133342,
        0.07270904681222005,
        0.07361908561804077,
        0.07487480189989913,
        0.09163007241758434,
        0.07054513032463464,
        0.06253078681501475,
        0.07190093584358692,
        0.06775650128044865,
        0.06424497965384614,
        0.060425175692547455,
        0.061338413168083535,
        0.06657292930917307,
        0.06754234111444517,
        0.06078773635354909,
        0.06417732855135744,
        0.06322640349919145,
        0.06312604502520779,
        0.06285562467846004,
        0.06277251616120338,
        0.06124002994461493,
        0.06169431944462386,
        0.06138844855807044,
        0.06217870353297754,
        0.061565032906152985
    ],